<?xml version="1.0" encoding="UTF-8"?>  
<!DOCTYPE hibernate-configuration PUBLIC  
        "-//Hibernate/Hibernate Configuration DTD 5.3//EN"  
        "http://www.hibernate.org/dtd/hibernate-configuration-5.3.dtd">  
<hibernate-configuration>  
    <session-factory>  
            
        <property name="hbm2ddl.auto">create</property>    
        <property name="dialect">org.hibernate.dialect.MySQL5Dialect</property>    
        <property name="connection.url">jdbc:mysql://@localhost:3306/hcl</property>    
        <property name="connection.username">root</property>    
        <property name="connection.password">root</property>    
        <property name="connection.driver_class">com.mysql.cj.jdbc.Driver</property>   
        <property name="show_sql">true</property>
        <property name="format_sql">true</property>
      
        <mapping class="com.hcl.Emp"/>  
    </session-factory>  
</hibernate-configuration>  